nome;email
Aires Rover,aires.rover@gmail.com
Aldrwin Hamad,aldrwin@gmail.com
Alexandre Biz,bizdetur@gmail.com
Alexandre Biz,alexandre.biz@ufsc.br
Alexandre Leopoldogonçalves,alexandre.l.goncalves@gmail.com
Ana Mariabenccivenifranzoni,afranzoni@gmail.com
Ana Santosdelgado,aasantos@utpl.edu.ec
Anapaula Perfetto-Demarchi,perfeto@sercomtel.com.br
Anderson Pacheco,sasaki.anderson@gmail.com
Andréa Bordin,andreabord@gmail.com
Andréa Cristinatrierweiller,andreatri@gmail.com
Andrea Valériasteil,andrea.steil@ufsc.br
Andrés Melgar,amelgar@pucp.edu.pe
Andreza Reginalopesdasilva,andrezalopes.ead@gmail.com
Antonio Marcosfeliciano,feliciano.antoniomarcos@gmail.com
Araci Hackcatapan,aracihack@gmail.com
Bruna Devensfraga,brunadefraga@gmail.com
Carlos Rovetto,carlos.rovetto@utp.ac.pa
César Castilho,castcesarster@gmail.com
Clarissa Stefaniteixeira,clastefani@gmail.com
Claudia Heusi,claudia.heusi@gmail.com
Claudia M.S.Macedo,claudia.scudelari@gmail.com
Cristiano Cunha,01cunha@gmail.com
Cristina Keikoyamaguchi,criskyamaguchi@gmail.com
Daniel Fernandoanderle,danielfernandoanderle@gmail.com
Danielly Inomata,inomata.danielly@gmail.com
Danilo Costa,danilo_mcosta@yahoo.com.br
Deborah Bernett,bbyde@hotmail.com
Denilson Sell,denilson@stela.org.br
Dorzeli Trzeciak,dorzeli@gmail.com
Edis Mafralapolli,edispandion@gmail.com
Édis Mafralapolli,edismafra@gmail.com
Eduardo Juansorianosierra,eduardo.soriano.sierra@ufsc.br
Eduardo Moreiradacosta,educostainovacao@gmail.com
Eloi Yamaoka,eloijy@gmail.com
Eni Mariaranzan,enimariaifsc@gmail.com
Ernesto Zumelzu,ezumelzu@uach.cl
Everton Ricardodonascimento,everton.nascimento@unemat.br
Felipe Dematosmüller,matos.muller@gmail.com
Fernando Josespanhol,fernando.spanhol@ufsc.br
Fernando Schenatto,schenatto@utfpr.edu.br
Fernando Selleri,selleri.br@gmail.com
Florinda Matos,florinda.matos@icaa.pt
Francisco Fialho,fapfialho@gmail.com
Frederico Cesarmafrapereira,professorfrederico@yahoo.com.br
Gertrudes Dandolini,ggtude@gmail.com
Gregorio Jeanvarvakisrados,g.varvakis@ufsc.br
Guillermo Dávila,davila.guillermo@gmail.com
Gustavo Buchele,gustavotb.adm@gmail.com
Helen Günther,helen.fg@gmail.com
Helio Ferenhof,dm@gotroot.com.br
Heloise Manica,hmpteixeira@uem.br
Hylson Netto,hvescovi@gmail.com
Inara Willerding,inara.antunes@gmail.com
Jane Santos,janejlss@gmail.com
João Boscodamotaalves,joao.bosco.mota.alves@ufsc.br
Joãoartur Souza,jartur@gmail.com
Jorger Salazarc,jsalazar@correo.uady.mx
Jose Todesco,jose.todesco@ufsc.br
Juçara Gubiani,jsgubiani@gmail.com
Julio Monteiroteixeira,juliomontex@gmail.com
Lia Caetanobastos,lia.c.bastos@ufsc.br
Luciana Lopesdornbusch,d.lulopeslu@gmail.com
Luciane Mariafadel,liefadel@gmail.com
Luciane Stallivieri,lustalliv@gmail.com
Luciano Costa,luciano.antonio.costa@acm.org
Luis Carlosarraut,larraut@utb.edu.co
Marcelo Macedo,marcelo5369@gmail.com
Marcio Vieiradesouza,marciovieiradesouza@gmail.com
Marco Auréliodeoliveira,mdmaviro15@gmail.com
Marcos Dalmau,professordalmau@gmail.com
Maria Collierdemendonça,mariacmendonca@gmail.com
Maria Josebaldessar,mbaldessar@gmail.com
Marilei Osinski,marileiosinski@gmail.com
Mehran Misaghi,mmisaghi@gmail.com
Michele Andréiaborges,micheleandborges@gmail.com
Monica Carneiro,monicarcbr@gmail.com
Neri Dossantos,nerisantos@gmail.com
Nuvia Martez,nuvia.martez@utp.ac.pa
Omar Omar,omarx02@gmail.com
Paloma Mariasantos,pmariasantos@yahoo.com.br
Paloma Zimmer,palomazimmer@yahoo.com.br
Patricia Desáfreire,patricia.sa.freire@ufsc.br
Patrícia Floresmagnago,patriciafloresmagnago@gmail.com
Rafael Jappur,rjappur@gmail.com
Rafael Moré,rafamore@gmail.com
Ranieri Roberthsilvadeaguiar,ranieriaguiar@gmail.com
Renato Balancieri,renatobalancieri@gmail.com
Richard Perassi,richard.perassi@uol.com.br
Rita Decassiaclarkteodoroski,ritateodoroski@gmail.com
Roberto Cspacheco,pacheco@egc.ufsc.br
Rogério Cidbastos,rogerio@egc.ufsc.br
Ronnie Fagundesdebrito,ronniefbrito@gmail.com
Rosane Defatimaantunesobregon,antunesobregon@gmail.com
Silvestre Labiakjr,labiak@utfpr.edu.br
Silvio Serafimdaluzfilho,silvio.serafim@ufsc.br
Sônia Lamego,lamegolino@gmail.com
Tarcisio Vanzin,tvanzin@gmail.com
Thiago Francisco,proftf@gmail.com
Thiago Nunes,adm.thiagosn@gmail.com
Valnir Albertobrandt,valniralberto@gmail.com
Vania Ulbricht,vrulbricht@gmail.com
Victor Frailesordi,victor.sordi@yahoo.com.br
Vinícius Medinakern,vmkern@gmail.com
Viviane Sartori,vivi.sartori19@gmail.com
